Animal/cat/in cage/0.jpg,cat
Animal/cat/in cage/1.jpg,cat
Animal/cat/in cage/10.jpg,cat
Animal/cat/in cage/100.jpg,cat
Animal/cat/in cage/101.jpg,cat
Animal/cat/in cage/102.jpeg,cat
Animal/cat/in cage/103.jpg,cat
Animal/cat/in cage/104.jpg,cat
Animal/cat/in cage/105.jpg,cat
Animal/cat/in cage/106.jpg,cat
Animal/cat/in cage/107.jpg,cat
Animal/cat/in cage/108.jpg,cat
Animal/cat/in cage/109.jpg,cat
Animal/cat/in cage/11.jpg,cat
Animal/cat/in cage/110.jpg,cat
Animal/cat/in cage/111.jpg,cat
Animal/cat/in cage/12.jpg,cat
Animal/cat/in cage/13.jpg,cat
Animal/cat/in cage/14.jpg,cat
Animal/cat/in cage/15.jpg,cat
Animal/cat/in cage/16.jpg,cat
Animal/cat/in cage/17.jpg,cat
Animal/cat/in cage/18.jpg,cat
Animal/cat/in cage/19.jpg,cat
Animal/cat/in cage/2.jpg,cat
Animal/cat/in cage/20.jpg,cat
Animal/cat/in cage/21.jpg,cat
Animal/cat/in cage/22.jpg,cat
Animal/cat/in cage/23.jpg,cat
Animal/cat/in cage/24.jpg,cat
Animal/cat/in cage/25.jpg,cat
Animal/cat/in cage/26.jpg,cat
Animal/cat/in cage/27.jpg,cat
Animal/cat/in cage/28.jpg,cat
Animal/cat/in cage/29.jpg,cat
Animal/cat/in cage/3.jpg,cat
Animal/cat/in cage/30.jpg,cat
Animal/cat/in cage/31.jpg,cat
Animal/cat/in cage/32.jpg,cat
Animal/cat/in cage/33.jpg,cat
Animal/cat/in cage/34.jpg,cat
Animal/cat/in cage/35.jpg,cat
Animal/cat/in cage/36.jpg,cat
Animal/cat/in cage/37.jpg,cat
Animal/cat/in cage/38.jpg,cat
Animal/cat/in cage/39.jpg,cat
Animal/cat/in cage/4.jpg,cat
Animal/cat/in cage/40.jpg,cat
Animal/cat/in cage/41.jpg,cat
Animal/cat/in cage/42.jpg,cat
Animal/cat/in cage/43.jpg,cat
Animal/cat/in cage/44.jpg,cat
Animal/cat/in cage/45.jpg,cat
Animal/cat/in cage/46.jpg,cat
Animal/cat/in cage/47.jpg,cat
Animal/cat/in cage/48.png,cat
Animal/cat/in cage/49.jpg,cat
Animal/cat/in cage/5.jpg,cat
Animal/cat/in cage/50.jpg,cat
Animal/cat/in cage/51.jpg,cat
Animal/cat/in cage/52.jpg,cat
Animal/cat/in cage/54.jpeg,cat
Animal/cat/in cage/55.jpg,cat
Animal/cat/in cage/56.jpg,cat
Animal/cat/in cage/57.jpg,cat
Animal/cat/in cage/58.jpg,cat
Animal/cat/in cage/59.jpg,cat
Animal/cat/in cage/6.jpg,cat
Animal/cat/in cage/60.jpg,cat
Animal/cat/in cage/61.jpg,cat
Animal/cat/in cage/62.jpg,cat
Animal/cat/in cage/63.jpg,cat
Animal/cat/in cage/64.jpg,cat
Animal/cat/in cage/65.jpg,cat
Animal/cat/in cage/67.jpg,cat
Animal/cat/in cage/68.jpg,cat
Animal/cat/in cage/69.jpg,cat
Animal/cat/in cage/7.jpg,cat
Animal/cat/in cage/70.jpg,cat
Animal/cat/in cage/71.jpg,cat
Animal/cat/in cage/72.jpg,cat
Animal/cat/in cage/73.jpg,cat
Animal/cat/in cage/74.jpg,cat
Animal/cat/in cage/75.jpg,cat
Animal/cat/in cage/76.jpg,cat
Animal/cat/in cage/77.jpg,cat
Animal/cat/in cage/78.jpg,cat
Animal/cat/in cage/79.jpg,cat
Animal/cat/in cage/8.jpg,cat
Animal/cat/in cage/80.jpg,cat
Animal/cat/in cage/81.jpg,cat
Animal/cat/in cage/82.jpg,cat
Animal/cat/in cage/83.jpg,cat
Animal/cat/in cage/84.jpg,cat
Animal/cat/in cage/85.jpg,cat
Animal/cat/in cage/86.jpg,cat
Animal/cat/in cage/87.jpg,cat
Animal/cat/in cage/88.jpg,cat
Animal/cat/in cage/89.jpg,cat
Animal/cat/in cage/9.jpg,cat
Animal/cat/in cage/90.jpg,cat
Animal/cat/in cage/91.jpg,cat
Animal/cat/in cage/92.jpg,cat
Animal/cat/in cage/93.jpg,cat
Animal/cat/in cage/94.jpg,cat
Animal/cat/in cage/95.jpg,cat
Animal/cat/in cage/96.jpg,cat
Animal/cat/in cage/97.jpg,cat
Animal/cat/in cage/98.jpg,cat
Animal/cat/in cage/99.jpg,cat
