Animal/bird/in cage/1.jpeg,bird
Animal/bird/in cage/10.jpg,bird
Animal/bird/in cage/11.jpg,bird
Animal/bird/in cage/12.jpg,bird
Animal/bird/in cage/13.jpg,bird
Animal/bird/in cage/14.jpg,bird
Animal/bird/in cage/15.jpeg,bird
Animal/bird/in cage/16.jpg,bird
Animal/bird/in cage/17.jpg,bird
Animal/bird/in cage/18.jpg,bird
Animal/bird/in cage/19.jpg,bird
Animal/bird/in cage/2.jpeg,bird
Animal/bird/in cage/20.jpg,bird
Animal/bird/in cage/22.jpg,bird
Animal/bird/in cage/23.jpg,bird
Animal/bird/in cage/24.jpg,bird
Animal/bird/in cage/25.jpg,bird
Animal/bird/in cage/26.jpg,bird
Animal/bird/in cage/27.jpg,bird
Animal/bird/in cage/28.jpg,bird
Animal/bird/in cage/29.jpg,bird
Animal/bird/in cage/3.jpg,bird
Animal/bird/in cage/30.jpg,bird
Animal/bird/in cage/31.jpg,bird
Animal/bird/in cage/32.jpg,bird
Animal/bird/in cage/33.jpg,bird
Animal/bird/in cage/34.jpg,bird
Animal/bird/in cage/35.jpg,bird
Animal/bird/in cage/36.jpg,bird
Animal/bird/in cage/37.jpg,bird
Animal/bird/in cage/38.jpg,bird
Animal/bird/in cage/39.jpg,bird
Animal/bird/in cage/4.jpg,bird
Animal/bird/in cage/40.jpg,bird
Animal/bird/in cage/41.jpg,bird
Animal/bird/in cage/42.jpg,bird
Animal/bird/in cage/43.jpg,bird
Animal/bird/in cage/44.jpg,bird
Animal/bird/in cage/45.jpg,bird
Animal/bird/in cage/46.jpg,bird
Animal/bird/in cage/47.jpg,bird
Animal/bird/in cage/48.jpg,bird
Animal/bird/in cage/49.jpg,bird
Animal/bird/in cage/5.jpg,bird
Animal/bird/in cage/50.jpg,bird
Animal/bird/in cage/51.jpg,bird
Animal/bird/in cage/52.jpg,bird
Animal/bird/in cage/53.jpg,bird
Animal/bird/in cage/54.jpeg,bird
Animal/bird/in cage/55.jpg,bird
Animal/bird/in cage/56.jpg,bird
Animal/bird/in cage/57.jpg,bird
Animal/bird/in cage/58.jpg,bird
Animal/bird/in cage/59.jpg,bird
Animal/bird/in cage/6.jpg,bird
Animal/bird/in cage/60.jpg,bird
Animal/bird/in cage/61.jpg,bird
Animal/bird/in cage/62.jpg,bird
Animal/bird/in cage/63.jpg,bird
Animal/bird/in cage/64.jpg,bird
Animal/bird/in cage/65.jpg,bird
Animal/bird/in cage/66.jpg,bird
Animal/bird/in cage/67.jpg,bird
Animal/bird/in cage/68.jpg,bird
Animal/bird/in cage/69.jpg,bird
Animal/bird/in cage/7.jpg,bird
Animal/bird/in cage/70.jpg,bird
Animal/bird/in cage/71.jpg,bird
Animal/bird/in cage/72.jpg,bird
Animal/bird/in cage/73.jpg,bird
Animal/bird/in cage/74.jpg,bird
Animal/bird/in cage/75.jpg,bird
Animal/bird/in cage/76.jpg,bird
Animal/bird/in cage/78.jpg,bird
Animal/bird/in cage/79.jpg,bird
Animal/bird/in cage/8.jpg,bird
Animal/bird/in cage/80.jpg,bird
Animal/bird/in cage/81.jpg,bird
Animal/bird/in cage/82.jpg,bird
Animal/bird/in cage/83.jpg,bird
Animal/bird/in cage/84.jpg,bird
Animal/bird/in cage/85.jpg,bird
Animal/bird/in cage/86.jpg,bird
Animal/bird/in cage/87.jpg,bird
Animal/bird/in cage/88.jpg,bird
Animal/bird/in cage/89.jpg,bird
Animal/bird/in cage/9.jpg,bird
Animal/bird/in cage/90.jpg,bird
