Animal/dog/in cage/1.jpg,dog
Animal/dog/in cage/10.jpg,dog
Animal/dog/in cage/100.jpg,dog
Animal/dog/in cage/101.jpg,dog
Animal/dog/in cage/102.jpg,dog
Animal/dog/in cage/103.jpg,dog
Animal/dog/in cage/104.jpg,dog
Animal/dog/in cage/105.jpg,dog
Animal/dog/in cage/106.jpg,dog
Animal/dog/in cage/107.jpg,dog
Animal/dog/in cage/108.jpg,dog
Animal/dog/in cage/109.jpg,dog
Animal/dog/in cage/11.jpg,dog
Animal/dog/in cage/110.jpg,dog
Animal/dog/in cage/111.jpg,dog
Animal/dog/in cage/112.jpg,dog
Animal/dog/in cage/113.jpg,dog
Animal/dog/in cage/114.jpg,dog
Animal/dog/in cage/115.jpg,dog
Animal/dog/in cage/116.jpg,dog
Animal/dog/in cage/117.jpg,dog
Animal/dog/in cage/118.jpg,dog
Animal/dog/in cage/119.jpg,dog
Animal/dog/in cage/12.jpg,dog
Animal/dog/in cage/120.jpg,dog
Animal/dog/in cage/121.jpg,dog
Animal/dog/in cage/122.jpg,dog
Animal/dog/in cage/13.jpg,dog
Animal/dog/in cage/14.jpg,dog
Animal/dog/in cage/15.jpg,dog
Animal/dog/in cage/16.jpg,dog
Animal/dog/in cage/17.jpg,dog
Animal/dog/in cage/18.jpg,dog
Animal/dog/in cage/19.jpg,dog
Animal/dog/in cage/2.jpg,dog
Animal/dog/in cage/20.jpg,dog
Animal/dog/in cage/21.jpg,dog
Animal/dog/in cage/22.jpg,dog
Animal/dog/in cage/23.jpg,dog
Animal/dog/in cage/24.jpg,dog
Animal/dog/in cage/25.jpg,dog
Animal/dog/in cage/26.jpg,dog
Animal/dog/in cage/27.jpg,dog
Animal/dog/in cage/28.jpg,dog
Animal/dog/in cage/29.jpg,dog
Animal/dog/in cage/3.jpg,dog
Animal/dog/in cage/30.jpg,dog
Animal/dog/in cage/31.jpg,dog
Animal/dog/in cage/32.jpg,dog
Animal/dog/in cage/33.jpg,dog
Animal/dog/in cage/34.jpg,dog
Animal/dog/in cage/35.jpeg,dog
Animal/dog/in cage/36.jpg,dog
Animal/dog/in cage/37.jpg,dog
Animal/dog/in cage/38.jpg,dog
Animal/dog/in cage/39.jpg,dog
Animal/dog/in cage/4.jpg,dog
Animal/dog/in cage/40.jpg,dog
Animal/dog/in cage/41.jpg,dog
Animal/dog/in cage/42.jpg,dog
Animal/dog/in cage/43.jpg,dog
Animal/dog/in cage/44.jpg,dog
Animal/dog/in cage/45.jpg,dog
Animal/dog/in cage/46.jpg,dog
Animal/dog/in cage/47.jpg,dog
Animal/dog/in cage/48.jpg,dog
Animal/dog/in cage/49.jpg,dog
Animal/dog/in cage/5.jpg,dog
Animal/dog/in cage/50.jpg,dog
Animal/dog/in cage/51.jpg,dog
Animal/dog/in cage/52.jpg,dog
Animal/dog/in cage/53.jpg,dog
Animal/dog/in cage/54.jpg,dog
Animal/dog/in cage/55.jpg,dog
Animal/dog/in cage/56.jpg,dog
Animal/dog/in cage/57.jpg,dog
Animal/dog/in cage/58.jpg,dog
Animal/dog/in cage/59.jpg,dog
Animal/dog/in cage/6.jpg,dog
Animal/dog/in cage/60.jpg,dog
Animal/dog/in cage/61.jpg,dog
Animal/dog/in cage/62.jpg,dog
Animal/dog/in cage/63.jpg,dog
Animal/dog/in cage/64.jpg,dog
Animal/dog/in cage/65.jpg,dog
Animal/dog/in cage/66.jpg,dog
Animal/dog/in cage/67.jpg,dog
Animal/dog/in cage/68.jpg,dog
Animal/dog/in cage/69.jpg,dog
Animal/dog/in cage/7.jpg,dog
Animal/dog/in cage/70.jpg,dog
Animal/dog/in cage/71.jpg,dog
Animal/dog/in cage/72.jpg,dog
Animal/dog/in cage/73.jpg,dog
Animal/dog/in cage/74.jpg,dog
Animal/dog/in cage/75.jpg,dog
Animal/dog/in cage/76.jpg,dog
Animal/dog/in cage/77.jpg,dog
Animal/dog/in cage/78.jpg,dog
Animal/dog/in cage/79.jpg,dog
Animal/dog/in cage/8.jpg,dog
Animal/dog/in cage/80.jpg,dog
Animal/dog/in cage/81.jpg,dog
Animal/dog/in cage/82.jpg,dog
Animal/dog/in cage/83.jpg,dog
Animal/dog/in cage/84.jpg,dog
Animal/dog/in cage/85.jpeg,dog
Animal/dog/in cage/86.jpg,dog
Animal/dog/in cage/87.jpeg,dog
Animal/dog/in cage/88.jpg,dog
Animal/dog/in cage/89.jpg,dog
Animal/dog/in cage/9.jpg,dog
Animal/dog/in cage/90.jpg,dog
Animal/dog/in cage/91.jpg,dog
Animal/dog/in cage/92.jpg,dog
Animal/dog/in cage/93.jpg,dog
Animal/dog/in cage/94.jpg,dog
Animal/dog/in cage/95.jpg,dog
Animal/dog/in cage/96.png,dog
Animal/dog/in cage/97.jpg,dog
Animal/dog/in cage/98.jpg,dog
Animal/dog/in cage/99.jpg,dog