Animal/monkey/in cage/0.jpg,monkey
Animal/monkey/in cage/1.jpg,monkey
Animal/monkey/in cage/10.jpg,monkey
Animal/monkey/in cage/11.jpg,monkey
Animal/monkey/in cage/12.jpg,monkey
Animal/monkey/in cage/13.jpg,monkey
Animal/monkey/in cage/14.jpg,monkey
Animal/monkey/in cage/15.jpg,monkey
Animal/monkey/in cage/16.jpg,monkey
Animal/monkey/in cage/17.jpg,monkey
Animal/monkey/in cage/18.jpg,monkey
Animal/monkey/in cage/19.jpg,monkey
Animal/monkey/in cage/2.jpg,monkey
Animal/monkey/in cage/20.jpg,monkey
Animal/monkey/in cage/21.jpg,monkey
Animal/monkey/in cage/22.jpg,monkey
Animal/monkey/in cage/23.jpg,monkey
Animal/monkey/in cage/24.jpg,monkey
Animal/monkey/in cage/25.jpg,monkey
Animal/monkey/in cage/26.jpg,monkey
Animal/monkey/in cage/27.jpg,monkey
Animal/monkey/in cage/28.jpg,monkey
Animal/monkey/in cage/29.jpeg,monkey
Animal/monkey/in cage/3.jpg,monkey
Animal/monkey/in cage/30.jpg,monkey
Animal/monkey/in cage/31.jpg,monkey
Animal/monkey/in cage/32.jpg,monkey
Animal/monkey/in cage/33.jpg,monkey
Animal/monkey/in cage/34.jpeg,monkey
Animal/monkey/in cage/35.jpg,monkey
Animal/monkey/in cage/36.jpg,monkey
Animal/monkey/in cage/37.jpg,monkey
Animal/monkey/in cage/38.jpg,monkey
Animal/monkey/in cage/39.jpg,monkey
Animal/monkey/in cage/4.jpg,monkey
Animal/monkey/in cage/40.jpg,monkey
Animal/monkey/in cage/41.jpg,monkey
Animal/monkey/in cage/42.jpg,monkey
Animal/monkey/in cage/43.jpg,monkey
Animal/monkey/in cage/44.jpg,monkey
Animal/monkey/in cage/45.jpg,monkey
Animal/monkey/in cage/46.jpg,monkey
Animal/monkey/in cage/47.jpg,monkey
Animal/monkey/in cage/48.jpg,monkey
Animal/monkey/in cage/49.jpg,monkey
Animal/monkey/in cage/5.jpg,monkey
Animal/monkey/in cage/50.jpg,monkey
Animal/monkey/in cage/51.png,monkey
Animal/monkey/in cage/52.jpg,monkey
Animal/monkey/in cage/53.jpg,monkey
Animal/monkey/in cage/54.jpg,monkey
Animal/monkey/in cage/55.jpg,monkey
Animal/monkey/in cage/56.jpg,monkey
Animal/monkey/in cage/57.jpg,monkey
Animal/monkey/in cage/58.jpg,monkey
Animal/monkey/in cage/59.jpg,monkey
Animal/monkey/in cage/6.jpg,monkey
Animal/monkey/in cage/60.jpg,monkey
Animal/monkey/in cage/61.jpg,monkey
Animal/monkey/in cage/62.jpg,monkey
Animal/monkey/in cage/63.jpg,monkey
Animal/monkey/in cage/64.jpg,monkey
Animal/monkey/in cage/65.jpg,monkey
Animal/monkey/in cage/66.jpg,monkey
Animal/monkey/in cage/67.jpg,monkey
Animal/monkey/in cage/68.jpg,monkey
Animal/monkey/in cage/69.jpg,monkey
Animal/monkey/in cage/7.jpg,monkey
Animal/monkey/in cage/70.jpg,monkey
Animal/monkey/in cage/71.jpg,monkey
Animal/monkey/in cage/72.jpg,monkey
Animal/monkey/in cage/73.jpg,monkey
Animal/monkey/in cage/74.jpg,monkey
Animal/monkey/in cage/75.jpg,monkey
Animal/monkey/in cage/76.jpg,monkey
Animal/monkey/in cage/8.jpg,monkey
Animal/monkey/in cage/9.jpg,monkey
Animal/monkey/on beach/1.jpg,monkey
Animal/monkey/on beach/10.jpg,monkey
Animal/monkey/on beach/11.jpg,monkey
Animal/monkey/on beach/12.jpg,monkey
Animal/monkey/on beach/13.jpg,monkey
Animal/monkey/on beach/14.jpg,monkey
Animal/monkey/on beach/15.jpg,monkey
Animal/monkey/on beach/16.jpg,monkey
Animal/monkey/on beach/17.jpg,monkey
Animal/monkey/on beach/18.jpg,monkey
Animal/monkey/on beach/19.jpg,monkey
Animal/monkey/on beach/2.jpg,monkey
Animal/monkey/on beach/20.jpg,monkey
Animal/monkey/on beach/21.jpg,monkey
Animal/monkey/on beach/22.jpg,monkey
Animal/monkey/on beach/23.jpg,monkey
Animal/monkey/on beach/24.jpg,monkey
Animal/monkey/on beach/25.jpg,monkey
Animal/monkey/on beach/26.jpg,monkey
Animal/monkey/on beach/27.jpg,monkey
Animal/monkey/on beach/28.jpg,monkey
Animal/monkey/on beach/29.jpg,monkey
Animal/monkey/on beach/3.jpg,monkey
Animal/monkey/on beach/30.jpg,monkey
Animal/monkey/on beach/31.jpg,monkey
Animal/monkey/on beach/32.jpg,monkey
Animal/monkey/on beach/33.jpg,monkey
Animal/monkey/on beach/34.jpg,monkey
Animal/monkey/on beach/35.jpg,monkey
Animal/monkey/on beach/36.jpg,monkey
Animal/monkey/on beach/37.jpg,monkey
Animal/monkey/on beach/38.jpg,monkey
Animal/monkey/on beach/39.jpg,monkey
Animal/monkey/on beach/4.jpg,monkey
Animal/monkey/on beach/40.jpg,monkey
Animal/monkey/on beach/41.jpg,monkey
Animal/monkey/on beach/42.jpg,monkey
Animal/monkey/on beach/43.jpg,monkey
Animal/monkey/on beach/44.jpg,monkey
Animal/monkey/on beach/45.jpg,monkey
Animal/monkey/on beach/46.jpg,monkey
Animal/monkey/on beach/47.jpg,monkey
Animal/monkey/on beach/48.jpg,monkey
Animal/monkey/on beach/49.jpg,monkey
Animal/monkey/on beach/5.jpg,monkey
Animal/monkey/on beach/50.jpg,monkey
Animal/monkey/on beach/6.jpg,monkey
Animal/monkey/on beach/7.jpg,monkey
Animal/monkey/on beach/8.jpg,monkey
Animal/monkey/on beach/9.jpg,monkey
Animal/monkey/on snow/0.jpg,monkey
Animal/monkey/on snow/1.jpg,monkey
Animal/monkey/on snow/10.jpg,monkey
Animal/monkey/on snow/100.jpg,monkey
Animal/monkey/on snow/101.jpg,monkey
Animal/monkey/on snow/102.jpg,monkey
Animal/monkey/on snow/11.jpg,monkey
Animal/monkey/on snow/12.jpg,monkey
Animal/monkey/on snow/13.jpg,monkey
Animal/monkey/on snow/14.jpg,monkey
Animal/monkey/on snow/15.jpg,monkey
Animal/monkey/on snow/16.jpg,monkey
Animal/monkey/on snow/17.jpg,monkey
Animal/monkey/on snow/18.jpg,monkey
Animal/monkey/on snow/19.jpg,monkey
Animal/monkey/on snow/2.jpg,monkey
Animal/monkey/on snow/20.jpg,monkey
Animal/monkey/on snow/21.jpeg,monkey
Animal/monkey/on snow/22.jpg,monkey
Animal/monkey/on snow/23.jpg,monkey
Animal/monkey/on snow/24.jpg,monkey
Animal/monkey/on snow/25.jpg,monkey
Animal/monkey/on snow/26.jpg,monkey
Animal/monkey/on snow/27.jpg,monkey
Animal/monkey/on snow/28.jpg,monkey
Animal/monkey/on snow/29.jpg,monkey
Animal/monkey/on snow/3.jpg,monkey
Animal/monkey/on snow/30.jpg,monkey
Animal/monkey/on snow/31.jpg,monkey
Animal/monkey/on snow/32.jpg,monkey
Animal/monkey/on snow/33.jpg,monkey
Animal/monkey/on snow/34.jpg,monkey
Animal/monkey/on snow/35.jpg,monkey
Animal/monkey/on snow/36.jpg,monkey
Animal/monkey/on snow/37.jpg,monkey
Animal/monkey/on snow/38.jpg,monkey
Animal/monkey/on snow/39.jpg,monkey
Animal/monkey/on snow/4.jpg,monkey
Animal/monkey/on snow/40.jpg,monkey
Animal/monkey/on snow/41.jpg,monkey
Animal/monkey/on snow/42.jpg,monkey
Animal/monkey/on snow/43.jpeg,monkey
Animal/monkey/on snow/44.jpg,monkey
Animal/monkey/on snow/45.jpg,monkey
Animal/monkey/on snow/46.jpg,monkey
Animal/monkey/on snow/47.jpg,monkey
Animal/monkey/on snow/48.jpg,monkey
Animal/monkey/on snow/49.jpg,monkey
Animal/monkey/on snow/5.jpg,monkey
Animal/monkey/on snow/50.jpg,monkey
Animal/monkey/on snow/51.jpg,monkey
Animal/monkey/on snow/52.jpg,monkey
Animal/monkey/on snow/53.jpg,monkey
Animal/monkey/on snow/54.jpg,monkey
Animal/monkey/on snow/55.jpg,monkey
Animal/monkey/on snow/56.jpg,monkey
Animal/monkey/on snow/57.jpg,monkey
Animal/monkey/on snow/58.jpg,monkey
Animal/monkey/on snow/59.jpg,monkey
Animal/monkey/on snow/6.jpg,monkey
Animal/monkey/on snow/60.jpg,monkey
Animal/monkey/on snow/61.jpg,monkey
Animal/monkey/on snow/62.jpg,monkey
Animal/monkey/on snow/63.jpg,monkey
Animal/monkey/on snow/64.jpeg,monkey
Animal/monkey/on snow/65.jpg,monkey
Animal/monkey/on snow/66.jpg,monkey
Animal/monkey/on snow/67.jpg,monkey
Animal/monkey/on snow/68.jpg,monkey
Animal/monkey/on snow/69.jpg,monkey
Animal/monkey/on snow/7.png,monkey
Animal/monkey/on snow/70.jpeg,monkey
Animal/monkey/on snow/71.jpg,monkey
Animal/monkey/on snow/72.jpg,monkey
Animal/monkey/on snow/73.jpg,monkey
Animal/monkey/on snow/74.jpg,monkey
Animal/monkey/on snow/75.jpg,monkey
Animal/monkey/on snow/76.jpg,monkey
Animal/monkey/on snow/77.jpg,monkey
Animal/monkey/on snow/78.jpg,monkey
Animal/monkey/on snow/79.jpg,monkey
Animal/monkey/on snow/8.jpg,monkey
Animal/monkey/on snow/80.jpg,monkey
Animal/monkey/on snow/81.jpg,monkey
Animal/monkey/on snow/82.jpg,monkey
Animal/monkey/on snow/83.jpg,monkey
Animal/monkey/on snow/84.jpg,monkey
Animal/monkey/on snow/85.jpg,monkey
Animal/monkey/on snow/86.jpg,monkey
Animal/monkey/on snow/87.jpg,monkey
Animal/monkey/on snow/88.jpg,monkey
Animal/monkey/on snow/89.jpg,monkey
Animal/monkey/on snow/9.jpg,monkey
Animal/monkey/on snow/90.jpg,monkey
Animal/monkey/on snow/91.jpg,monkey
Animal/monkey/on snow/92.jpg,monkey
Animal/monkey/on snow/93.jpg,monkey
Animal/monkey/on snow/94.jpg,monkey
Animal/monkey/on snow/95.jpg,monkey
Animal/monkey/on snow/96.jpg,monkey
Animal/monkey/on snow/97.jpg,monkey
Animal/monkey/on snow/98.jpg,monkey
Animal/monkey/on snow/99.jpg,monkey
