Animal/monkey/climbing/0.jpg,monkey
Animal/monkey/climbing/1.jpg,monkey
Animal/monkey/climbing/10.jpg,monkey
Animal/monkey/climbing/11.jpg,monkey
Animal/monkey/climbing/12.jpg,monkey
Animal/monkey/climbing/13.jpg,monkey
Animal/monkey/climbing/14.jpg,monkey
Animal/monkey/climbing/15.jpg,monkey
Animal/monkey/climbing/16.jpg,monkey
Animal/monkey/climbing/17.jpg,monkey
Animal/monkey/climbing/18.jpg,monkey
Animal/monkey/climbing/19.jpg,monkey
Animal/monkey/climbing/2.jpg,monkey
Animal/monkey/climbing/20.jpg,monkey
Animal/monkey/climbing/21.jpg,monkey
Animal/monkey/climbing/22.jpg,monkey
Animal/monkey/climbing/23.jpg,monkey
Animal/monkey/climbing/24.jpg,monkey
Animal/monkey/climbing/25.jpeg,monkey
Animal/monkey/climbing/26.jpg,monkey
Animal/monkey/climbing/27.jpg,monkey
Animal/monkey/climbing/28.jpg,monkey
Animal/monkey/climbing/29.jpg,monkey
Animal/monkey/climbing/3.jpg,monkey
Animal/monkey/climbing/30.jpg,monkey
Animal/monkey/climbing/31.jpg,monkey
Animal/monkey/climbing/32.jpg,monkey
Animal/monkey/climbing/33.jpg,monkey
Animal/monkey/climbing/34.jpg,monkey
Animal/monkey/climbing/35.jpg,monkey
Animal/monkey/climbing/36.jpg,monkey
Animal/monkey/climbing/37.jpg,monkey
Animal/monkey/climbing/38.jpg,monkey
Animal/monkey/climbing/39.jpg,monkey
Animal/monkey/climbing/4.jpg,monkey
Animal/monkey/climbing/40.jpg,monkey
Animal/monkey/climbing/41.jpg,monkey
Animal/monkey/climbing/42.jpg,monkey
Animal/monkey/climbing/43.jpg,monkey
Animal/monkey/climbing/44.jpg,monkey
Animal/monkey/climbing/45.jpg,monkey
Animal/monkey/climbing/46.jpg,monkey
Animal/monkey/climbing/47.png,monkey
Animal/monkey/climbing/48.jpg,monkey
Animal/monkey/climbing/49.jpg,monkey
Animal/monkey/climbing/5.jpg,monkey
Animal/monkey/climbing/50.jpg,monkey
Animal/monkey/climbing/51.jpg,monkey
Animal/monkey/climbing/52.jpg,monkey
Animal/monkey/climbing/53.jpg,monkey
Animal/monkey/climbing/54.jpg,monkey
Animal/monkey/climbing/55.jpg,monkey
Animal/monkey/climbing/56.jpg,monkey
Animal/monkey/climbing/57.jpg,monkey
Animal/monkey/climbing/58.jpg,monkey
Animal/monkey/climbing/59.jpg,monkey
Animal/monkey/climbing/6.jpg,monkey
Animal/monkey/climbing/60.jpg,monkey
Animal/monkey/climbing/61.jpg,monkey
Animal/monkey/climbing/62.jpg,monkey
Animal/monkey/climbing/63.jpg,monkey
Animal/monkey/climbing/64.png,monkey
Animal/monkey/climbing/65.jpg,monkey
Animal/monkey/climbing/66.jpg,monkey
Animal/monkey/climbing/67.jpg,monkey
Animal/monkey/climbing/68.jpg,monkey
Animal/monkey/climbing/69.jpg,monkey
Animal/monkey/climbing/7.jpg,monkey
Animal/monkey/climbing/70.jpg,monkey
Animal/monkey/climbing/71.jpg,monkey
Animal/monkey/climbing/72.jpg,monkey
Animal/monkey/climbing/73.jpg,monkey
Animal/monkey/climbing/74.jpg,monkey
Animal/monkey/climbing/75.jpg,monkey
Animal/monkey/climbing/76.jpg,monkey
Animal/monkey/climbing/77.jpg,monkey
Animal/monkey/climbing/78.jpg,monkey
Animal/monkey/climbing/79.jpg,monkey
Animal/monkey/climbing/8.jpg,monkey
Animal/monkey/climbing/80.jpg,monkey
Animal/monkey/climbing/81.jpg,monkey
Animal/monkey/climbing/82.jpg,monkey
Animal/monkey/climbing/83.jpg,monkey
Animal/monkey/climbing/84.jpg,monkey
Animal/monkey/climbing/85.jpg,monkey
Animal/monkey/climbing/86.jpg,monkey
Animal/monkey/climbing/87.jpg,monkey
Animal/monkey/climbing/9.jpg,monkey
Animal/monkey/on beach/1.jpg,monkey
Animal/monkey/on beach/10.jpg,monkey
Animal/monkey/on beach/11.jpg,monkey
Animal/monkey/on beach/12.jpg,monkey
Animal/monkey/on beach/13.jpg,monkey
Animal/monkey/on beach/14.jpg,monkey
Animal/monkey/on beach/15.jpg,monkey
Animal/monkey/on beach/16.jpg,monkey
Animal/monkey/on beach/17.jpg,monkey
Animal/monkey/on beach/18.jpg,monkey
Animal/monkey/on beach/19.jpg,monkey
Animal/monkey/on beach/2.jpg,monkey
Animal/monkey/on beach/20.jpg,monkey
Animal/monkey/on beach/21.jpg,monkey
Animal/monkey/on beach/22.jpg,monkey
Animal/monkey/on beach/23.jpg,monkey
Animal/monkey/on beach/24.jpg,monkey
Animal/monkey/on beach/25.jpg,monkey
Animal/monkey/on beach/26.jpg,monkey
Animal/monkey/on beach/27.jpg,monkey
Animal/monkey/on beach/28.jpg,monkey
Animal/monkey/on beach/29.jpg,monkey
Animal/monkey/on beach/3.jpg,monkey
Animal/monkey/on beach/30.jpg,monkey
Animal/monkey/on beach/31.jpg,monkey
Animal/monkey/on beach/32.jpg,monkey
Animal/monkey/on beach/33.jpg,monkey
Animal/monkey/on beach/34.jpg,monkey
Animal/monkey/on beach/35.jpg,monkey
Animal/monkey/on beach/36.jpg,monkey
Animal/monkey/on beach/37.jpg,monkey
Animal/monkey/on beach/38.jpg,monkey
Animal/monkey/on beach/39.jpg,monkey
Animal/monkey/on beach/4.jpg,monkey
Animal/monkey/on beach/40.jpg,monkey
Animal/monkey/on beach/41.jpg,monkey
Animal/monkey/on beach/42.jpg,monkey
Animal/monkey/on beach/43.jpg,monkey
Animal/monkey/on beach/44.jpg,monkey
Animal/monkey/on beach/45.jpg,monkey
Animal/monkey/on beach/46.jpg,monkey
Animal/monkey/on beach/47.jpg,monkey
Animal/monkey/on beach/48.jpg,monkey
Animal/monkey/on beach/49.jpg,monkey
Animal/monkey/on beach/5.jpg,monkey
Animal/monkey/on beach/50.jpg,monkey
Animal/monkey/on beach/6.jpg,monkey
Animal/monkey/on beach/7.jpg,monkey
Animal/monkey/on beach/8.jpg,monkey
Animal/monkey/on beach/9.jpg,monkey
Animal/monkey/on snow/0.jpg,monkey
Animal/monkey/on snow/1.jpg,monkey
Animal/monkey/on snow/10.jpg,monkey
Animal/monkey/on snow/100.jpg,monkey
Animal/monkey/on snow/101.jpg,monkey
Animal/monkey/on snow/102.jpg,monkey
Animal/monkey/on snow/11.jpg,monkey
Animal/monkey/on snow/12.jpg,monkey
Animal/monkey/on snow/13.jpg,monkey
Animal/monkey/on snow/14.jpg,monkey
Animal/monkey/on snow/15.jpg,monkey
Animal/monkey/on snow/16.jpg,monkey
Animal/monkey/on snow/17.jpg,monkey
Animal/monkey/on snow/18.jpg,monkey
Animal/monkey/on snow/19.jpg,monkey
Animal/monkey/on snow/2.jpg,monkey
Animal/monkey/on snow/20.jpg,monkey
Animal/monkey/on snow/21.jpeg,monkey
Animal/monkey/on snow/22.jpg,monkey
Animal/monkey/on snow/23.jpg,monkey
Animal/monkey/on snow/24.jpg,monkey
Animal/monkey/on snow/25.jpg,monkey
Animal/monkey/on snow/26.jpg,monkey
Animal/monkey/on snow/27.jpg,monkey
Animal/monkey/on snow/28.jpg,monkey
Animal/monkey/on snow/29.jpg,monkey
Animal/monkey/on snow/3.jpg,monkey
Animal/monkey/on snow/30.jpg,monkey
Animal/monkey/on snow/31.jpg,monkey
Animal/monkey/on snow/32.jpg,monkey
Animal/monkey/on snow/33.jpg,monkey
Animal/monkey/on snow/34.jpg,monkey
Animal/monkey/on snow/35.jpg,monkey
Animal/monkey/on snow/36.jpg,monkey
Animal/monkey/on snow/37.jpg,monkey
Animal/monkey/on snow/38.jpg,monkey
Animal/monkey/on snow/39.jpg,monkey
Animal/monkey/on snow/4.jpg,monkey
Animal/monkey/on snow/40.jpg,monkey
Animal/monkey/on snow/41.jpg,monkey
Animal/monkey/on snow/42.jpg,monkey
Animal/monkey/on snow/43.jpeg,monkey
Animal/monkey/on snow/44.jpg,monkey
Animal/monkey/on snow/45.jpg,monkey
Animal/monkey/on snow/46.jpg,monkey
Animal/monkey/on snow/47.jpg,monkey
Animal/monkey/on snow/48.jpg,monkey
Animal/monkey/on snow/49.jpg,monkey
Animal/monkey/on snow/5.jpg,monkey
Animal/monkey/on snow/50.jpg,monkey
Animal/monkey/on snow/51.jpg,monkey
Animal/monkey/on snow/52.jpg,monkey
Animal/monkey/on snow/53.jpg,monkey
Animal/monkey/on snow/54.jpg,monkey
Animal/monkey/on snow/55.jpg,monkey
Animal/monkey/on snow/56.jpg,monkey
Animal/monkey/on snow/57.jpg,monkey
Animal/monkey/on snow/58.jpg,monkey
Animal/monkey/on snow/59.jpg,monkey
Animal/monkey/on snow/6.jpg,monkey
Animal/monkey/on snow/60.jpg,monkey
Animal/monkey/on snow/61.jpg,monkey
Animal/monkey/on snow/62.jpg,monkey
Animal/monkey/on snow/63.jpg,monkey
Animal/monkey/on snow/64.jpeg,monkey
Animal/monkey/on snow/65.jpg,monkey
Animal/monkey/on snow/66.jpg,monkey
Animal/monkey/on snow/67.jpg,monkey
Animal/monkey/on snow/68.jpg,monkey
Animal/monkey/on snow/69.jpg,monkey
Animal/monkey/on snow/7.png,monkey
Animal/monkey/on snow/70.jpeg,monkey
Animal/monkey/on snow/71.jpg,monkey
Animal/monkey/on snow/72.jpg,monkey
Animal/monkey/on snow/73.jpg,monkey
Animal/monkey/on snow/74.jpg,monkey
Animal/monkey/on snow/75.jpg,monkey
Animal/monkey/on snow/76.jpg,monkey
Animal/monkey/on snow/77.jpg,monkey
Animal/monkey/on snow/78.jpg,monkey
Animal/monkey/on snow/79.jpg,monkey
Animal/monkey/on snow/8.jpg,monkey
Animal/monkey/on snow/80.jpg,monkey
Animal/monkey/on snow/81.jpg,monkey
Animal/monkey/on snow/82.jpg,monkey
Animal/monkey/on snow/83.jpg,monkey
Animal/monkey/on snow/84.jpg,monkey
Animal/monkey/on snow/85.jpg,monkey
Animal/monkey/on snow/86.jpg,monkey
Animal/monkey/on snow/87.jpg,monkey
Animal/monkey/on snow/88.jpg,monkey
Animal/monkey/on snow/89.jpg,monkey
Animal/monkey/on snow/9.jpg,monkey
Animal/monkey/on snow/90.jpg,monkey
Animal/monkey/on snow/91.jpg,monkey
Animal/monkey/on snow/92.jpg,monkey
Animal/monkey/on snow/93.jpg,monkey
Animal/monkey/on snow/94.jpg,monkey
Animal/monkey/on snow/95.jpg,monkey
Animal/monkey/on snow/96.jpg,monkey
Animal/monkey/on snow/97.jpg,monkey
Animal/monkey/on snow/98.jpg,monkey
Animal/monkey/on snow/99.jpg,monkey
