Animal/cat/in water/1.jpg,cat
Animal/cat/in water/10.jpg,cat
Animal/cat/in water/11.jpg,cat
Animal/cat/in water/12.jpg,cat
Animal/cat/in water/13.jpg,cat
Animal/cat/in water/14.jpg,cat
Animal/cat/in water/15.jpg,cat
Animal/cat/in water/16.jpg,cat
Animal/cat/in water/17.jpg,cat
Animal/cat/in water/18.jpg,cat
Animal/cat/in water/19.jpg,cat
Animal/cat/in water/2.jpg,cat
Animal/cat/in water/20.jpg,cat
Animal/cat/in water/21.jpg,cat
Animal/cat/in water/22.jpg,cat
Animal/cat/in water/23.jpg,cat
Animal/cat/in water/24.jpg,cat
Animal/cat/in water/25.jpg,cat
Animal/cat/in water/26.jpg,cat
Animal/cat/in water/27.jpg,cat
Animal/cat/in water/28.jpg,cat
Animal/cat/in water/29.jpg,cat
Animal/cat/in water/3.jpg,cat
Animal/cat/in water/30.jpg,cat
Animal/cat/in water/31.jpg,cat
Animal/cat/in water/32.jpg,cat
Animal/cat/in water/33.jpg,cat
Animal/cat/in water/34.jpg,cat
Animal/cat/in water/35.jpg,cat
Animal/cat/in water/36.jpg,cat
Animal/cat/in water/38.jpg,cat
Animal/cat/in water/39.jpg,cat
Animal/cat/in water/4.jpg,cat
Animal/cat/in water/40.jpg,cat
Animal/cat/in water/41.jpg,cat
Animal/cat/in water/42.jpg,cat
Animal/cat/in water/43.jpg,cat
Animal/cat/in water/44.jpg,cat
Animal/cat/in water/45.png,cat
Animal/cat/in water/46.jpg,cat
Animal/cat/in water/47.jpg,cat
Animal/cat/in water/48.jpg,cat
Animal/cat/in water/49.jpeg,cat
Animal/cat/in water/5.jpg,cat
Animal/cat/on tree/0.jpg,cat
Animal/cat/on tree/1.jpg,cat
Animal/cat/on tree/10.jpg,cat
Animal/cat/on tree/11.jpg,cat
Animal/cat/on tree/12.jpg,cat
Animal/cat/on tree/13.jpg,cat
Animal/cat/on tree/14.jpg,cat
Animal/cat/on tree/15.jpg,cat
Animal/cat/on tree/16.jpg,cat
Animal/cat/on tree/17.jpg,cat
Animal/cat/on tree/18.jpg,cat
Animal/cat/on tree/19.jpg,cat
Animal/cat/on tree/2.jpg,cat
Animal/cat/on tree/20.jpg,cat
Animal/cat/on tree/21.jpg,cat
Animal/cat/on tree/22.jpg,cat
Animal/cat/on tree/23.jpg,cat
Animal/cat/on tree/24.jpg,cat
Animal/cat/on tree/25.jpg,cat
Animal/cat/on tree/26.jpg,cat
Animal/cat/on tree/27.jpg,cat
Animal/cat/on tree/28.jpg,cat
Animal/cat/on tree/29.jpg,cat
Animal/cat/on tree/3.jpg,cat
Animal/cat/on tree/30.jpg,cat
Animal/cat/on tree/31.jpg,cat
Animal/cat/on tree/32.jpg,cat
Animal/cat/on tree/33.jpg,cat
Animal/cat/on tree/34.jpg,cat
Animal/cat/on tree/35.jpg,cat
Animal/cat/on tree/36.jpeg,cat
Animal/cat/on tree/37.jpg,cat
Animal/cat/on tree/38.jpg,cat
Animal/cat/on tree/39.jpg,cat
Animal/cat/on tree/4.jpg,cat
Animal/cat/on tree/40.jpg,cat
Animal/cat/on tree/41.jpg,cat
Animal/cat/on tree/42.jpg,cat
Animal/cat/on tree/43.jpg,cat
Animal/cat/on tree/44.jpg,cat
Animal/cat/on tree/45.jpg,cat
Animal/cat/on tree/46.jpg,cat
Animal/cat/on tree/47.jpg,cat
Animal/cat/on tree/48.jpg,cat
Animal/cat/on tree/49.jpg,cat
Animal/cat/on tree/5.jpg,cat
Animal/cat/on tree/6.jpg,cat
Animal/cat/on tree/7.jpg,cat
Animal/cat/on tree/8.jpg,cat
Animal/cat/on tree/9.jpg,cat
Animal/cat/walking/0.jpg,cat
Animal/cat/walking/1.jpg,cat
Animal/cat/walking/10.jpg,cat
Animal/cat/walking/100.jpg,cat
Animal/cat/walking/101.png,cat
Animal/cat/walking/102.jpg,cat
Animal/cat/walking/103.jpg,cat
Animal/cat/walking/104.jpg,cat
Animal/cat/walking/105.jpg,cat
Animal/cat/walking/106.jpg,cat
Animal/cat/walking/107.png,cat
Animal/cat/walking/108.jpg,cat
Animal/cat/walking/109.jpg,cat
Animal/cat/walking/11.jpg,cat
Animal/cat/walking/110.jpg,cat
Animal/cat/walking/111.jpg,cat
Animal/cat/walking/112.jpg,cat
Animal/cat/walking/113.jpg,cat
Animal/cat/walking/114.jpg,cat
Animal/cat/walking/115.jpg,cat
Animal/cat/walking/116.jpg,cat
Animal/cat/walking/117.jpg,cat
Animal/cat/walking/118.jpg,cat
Animal/cat/walking/119.jpg,cat
Animal/cat/walking/12.jpg,cat
Animal/cat/walking/120.jpg,cat
Animal/cat/walking/121.jpg,cat
Animal/cat/walking/122.jpg,cat
Animal/cat/walking/123.jpg,cat
Animal/cat/walking/124.png,cat
Animal/cat/walking/125.jpg,cat
Animal/cat/walking/126.jpg,cat
Animal/cat/walking/127.jpg,cat
Animal/cat/walking/128.jpg,cat
Animal/cat/walking/129.jpg,cat
Animal/cat/walking/13.jpg,cat
Animal/cat/walking/130.jpg,cat
Animal/cat/walking/131.jpg,cat
Animal/cat/walking/132.jpg,cat
Animal/cat/walking/133.jpg,cat
Animal/cat/walking/134.jpg,cat
Animal/cat/walking/135.jpg,cat
Animal/cat/walking/136.jpg,cat
Animal/cat/walking/14.jpg,cat
Animal/cat/walking/15.jpg,cat
Animal/cat/walking/16.jpg,cat
Animal/cat/walking/17.jpg,cat
Animal/cat/walking/18.jpg,cat
Animal/cat/walking/19.jpg,cat
Animal/cat/walking/20.jpg,cat
Animal/cat/walking/21.jpg,cat
Animal/cat/walking/22.jpg,cat
Animal/cat/walking/23.jpg,cat
Animal/cat/walking/24.jpg,cat
Animal/cat/walking/25.jpg,cat
Animal/cat/walking/26.jpg,cat
Animal/cat/walking/27.jpg,cat
Animal/cat/walking/28.jpg,cat
Animal/cat/walking/29.jpg,cat
Animal/cat/walking/3.jpg,cat
Animal/cat/walking/30.jpeg,cat
Animal/cat/walking/31.jpg,cat
Animal/cat/walking/32.jpg,cat
Animal/cat/walking/33.jpg,cat
Animal/cat/walking/34.jpg,cat
Animal/cat/walking/35.jpg,cat
Animal/cat/walking/36.jpeg,cat
Animal/cat/walking/37.jpg,cat
Animal/cat/walking/38.png,cat
Animal/cat/walking/39.jpg,cat
Animal/cat/walking/40.jpg,cat
Animal/cat/walking/41.jpg,cat
Animal/cat/walking/42.jpg,cat
Animal/cat/walking/43.jpg,cat
Animal/cat/walking/44.jpg,cat
Animal/cat/walking/45.jpg,cat
Animal/cat/walking/46.jpg,cat
Animal/cat/walking/47.jpg,cat
Animal/cat/walking/48.jpg,cat
Animal/cat/walking/49.jpg,cat
Animal/cat/walking/5.jpg,cat
Animal/cat/walking/50.jpg,cat
Animal/cat/walking/51.jpg,cat
Animal/cat/walking/52.jpg,cat
Animal/cat/walking/53.jpg,cat
Animal/cat/walking/54.jpg,cat
Animal/cat/walking/55.jpg,cat
Animal/cat/walking/56.jpeg,cat
Animal/cat/walking/57.jpg,cat
Animal/cat/walking/58.jpg,cat
Animal/cat/walking/59.jpg,cat
Animal/cat/walking/6.jpg,cat
Animal/cat/walking/60.jpg,cat
Animal/cat/walking/61.jpg,cat
Animal/cat/walking/62.jpg,cat
Animal/cat/walking/63.jpg,cat
Animal/cat/walking/64.png,cat
Animal/cat/walking/65.jpg,cat
Animal/cat/walking/66.jpg,cat
Animal/cat/walking/67.png,cat
Animal/cat/walking/68.jpg,cat
Animal/cat/walking/69.jpg,cat
Animal/cat/walking/7.jpg,cat
Animal/cat/walking/70.jpg,cat
Animal/cat/walking/71.jpg,cat
Animal/cat/walking/72.jpg,cat
Animal/cat/walking/73.jpg,cat
Animal/cat/walking/74.jpg,cat
Animal/cat/walking/75.jpg,cat
Animal/cat/walking/76.jpg,cat
Animal/cat/walking/77.jpg,cat
Animal/cat/walking/78.jpg,cat
Animal/cat/walking/8.jpg,cat
Animal/cat/walking/80.jpg,cat
Animal/cat/walking/81.jpg,cat
Animal/cat/walking/82.jpg,cat
Animal/cat/walking/83.jpeg,cat
Animal/cat/walking/84.jpg,cat
Animal/cat/walking/85.jpg,cat
Animal/cat/walking/86.jpg,cat
Animal/cat/walking/87.jpg,cat
Animal/cat/walking/88.jpg,cat
Animal/cat/walking/89.jpg,cat
Animal/cat/walking/9.jpg,cat
Animal/cat/walking/90.jpg,cat
Animal/cat/walking/91.jpg,cat
Animal/cat/walking/92.jpg,cat
Animal/cat/walking/93.jpg,cat
Animal/cat/walking/94.png,cat
Animal/cat/walking/95.jpg,cat
Animal/cat/walking/96.jpg,cat
Animal/cat/walking/97.jpg,cat
Animal/cat/walking/98.jpg,cat
Animal/cat/walking/99.jpg,cat
